﻿<?xml version="1.0" encoding="utf-8"?>
<content>
	<area area="left" header="Selección de nuestros productos" subheader="Una pequeña selección de los cursos que encontrarás en nuestra web.">
		<element type="header" header="Cursos online" />
		
		<element type="link_teaser" 
				 link="http://www.nuestroscursos.com/es/products-118.htm"
				 previewimage="img/AI_CS5.png" 
				 header="Adobe Illustrator CS5 NOVEDADES" 
				 text="Pinceles mejorados y revolucionados, creación de Perspectivas, Trazos mucho más controlados, Mesas de Trabajo organizables y flujos de trabajo integrados hacia Web con CS Review y Flash Catalyst. Illustrator CS5 sigue siendo el máximo exponente en creación y edición de vectores para impresos, web, dispositivos móviles y todo cuanto necesitemos. " 
		/>
		<element type="link_teaser" link="http://www.nuestroscursos.com/es/products-114.htm" 
		previewimage="img/PS_CS5.png" 
		header="Adobe Photoshop CS5 NOVEDADES" text="Con mejoras en algunas herramientas básicas y sorprendentes nuevas características para pintura, edición y composición, esta versión te lleva a un nuevo nivel en el trabajo de imágenes profesionales de formas cada vez más sencillas. Pinceles, perfeccionamiento de selecciones, rellenos según contenido, RAW mejorado y posibilidades increíbles de creación en 3D, entre otras cosas, hacen de Photoshop CS5 una excelente aplicación base para cualquier flujo de trabajo creativo." />
		<element type="link_teaser" link="http://www.nuestroscursos.com/es/products-115.htm" previewimage="img/AE_CS5.png" header="Adobe After Effects CS5 NOVEDADES" text="Una de las aplicaciones favoritas en el ambiente mundial de la creación audiovisual, esta nueva versión se ve enriquecida desde sus entrañas convirtiéndose en una aplicación de 64 bits, mejorando su rendimiento y sus renders. Más filtros nativos, el Pincel de Rotoscopía y decenas de mejorías en muchas otras opciones hacen de After Effects CS5 la opción perfecta para la postproducción." />		
		<element type="link_teaser" link="http://www.nuestroscursos.com/es/products-116.htm" previewimage="img/FW_CS5.png" header="Adobe Fireworks CS5 NOVEDADES" text="Con sus ya 11 versiones es la aplicación favorita para creación y optimización de imágenes para web. Ahora con mayor integración con distintas aplicaciones de Adobe como Illustrator, Photoshop y Flash Catalyst, mejoras en sus herramientas de creación de texto, mayor control en la generación de figuras, utilización de plantillas son unas cuantas de las novedades de Fireworks CS5." />
		<element type="link_teaser" link="http://www.nuestroscursos.com/es//products-120.htm" previewimage="img/PR_CS5.png" header="Adobe Premiere CS5 NOVEDADES" text="Junto con las novedades de Premiere Pro CS5 (como los nuevos formatos soportados, la tecnología Mercury Engine o las mejoras de transcripción), veremos en este curso nuestroscursos qué nos aporta la nueva versión de Encore, OnLocation y Soundbooth, para agilizar nuestros trabajos de postproducción." />
		<element type="link_teaser" link="http://www.nuestroscursos.com/es/products-119.htm" previewimage="img/FL_CS5.png" header="Adobe Flash CS5 NOVEDADES" text="Las nuevas versiones de Flash siempre traen consigo novedades muy interesantes y esta no podía ser la excepción. Flash CS5 tiene un nuevo motor de interpretación de tipografía que permite tener un mayor control sobre los textos, nos da la habilidad de publicar hacia cualquier dispositivo de escritorio y móvil, hay mejoras sustanciales en animación mediante mejoras a la cinemática inversa entre otras más, que serán el deleite de los diseñadores interactivos, diseñadores y desarrolladores. " />
		<element type="link_teaser" link="http://www.nuestroscursos.com/es/products-117.htm" previewimage="img/DW_CS5.png" header="Adobe Dreamweaver CS5 NOVEDADES" text="¿Cuántas veces has oido que los gestores de contenido acabarían con Dreamweaver o que Dreamweaver es sólo un editor visual pero que no sirve para escribir código? La versión CS5 desmonta estas viejas leyendas y te permite crear y editar tus temas de forma visual, acceder a la ayuda oficial de PHP y hasta publicar tu blog usando directamente Dreamweaver." />
		<element type="link_teaser" link="http://www.nuestroscursos.com/es/products-39.htm" previewimage="img/AE.png" header="Adobe After Effects CS4" text="Adobe After Effects es ya un referente en el abanico de la oferta de software destinada a la postproducción. Haz realidad tus ideas con efectos visuales de gran calidad, increíbles gráficos y disfruta de la integración total con el resto de aplicaciones de diseño de Adobe líderes en el sector." />
		<element type="link_teaser" link="http://www.nuestroscursos.com/es/products-15.htm" previewimage="img/flex.png" header="Adobe Flex 3" text="Este curso está pensado para usuarios con un mínimo de conocimientos de programación y es la herramienta ideal para las personas que, con un conocimiento medio, quieran comenzar a utilizar Flex para crear aplicaciones web." />
		<element type="link_teaser" link="http://www.nuestroscursos.com/es/products-68.htm" previewimage="img/soundbooth.png" header="Adobe Soundbooth CS4" text="Este es un curso online dedicado a todos aquellos que quieren aprender a editar y corregir audio de una forma sencilla, rápida e indolora. Adobe Soundbooth es una excelente aplicación dirigida a diseñadores, creativos visuales y simples mortales que no tienen mucho tiempo para dedicar a herramientas complicadas e ininteligibles." />
		<element type="link_teaser" link="http://www.nuestroscursos.com/es/products-40.htm" previewimage="img/premiere.png" header="Adobe Premiere CS4" text="Adobe Premiere Pro, es uno de los programas de edición no lineal con más trayectoria, ya que nace en su versión 1.0 en 1991. Es por tanto un referente en el sector. Aprende en este curso a capturar material de cámara, importar, editar al corte, crear transiciones, efectos, chromas, titulación, y en definitiva los fundamentos necesarios para conseguir un montaje de calidad broadcast." />
		<element type="link_teaser" link="http://www.nuestroscursos.com/es/products-57.htm" previewimage="img/ps_av.png" header="Adobe Photoshop CS4 Avanzado" text="El uso efectivo y rápido de Adobe Photoshop CS4 precisa de mucha dedicación y una gran inversión de tiempo. Imagínate aprender de una vez por todas a usar Adobe Photoshop de forma ágil y rápida, consiguiendo siempre resultados profesionales y los conocimientos con los que no sólo ahorrarás tiempo, sino que por fin entenderás cómo funciona realmente la aplicación." />
		<element type="link_teaser" link="http://www.nuestroscursos.com/es/products-37.htm" previewimage="img/FL.png" header="Adobe Flash CS4" text="Estos tutoriales en vídeo son ideales tanto para principiantes que se acercan por primera vez al programa, como para usuarios experimentados, ya que presentan de manera progresiva todos los pasos para llevar a cabo proyectos interactivos y animaciones. Se incluyen además las novedades de la versión CS4. Nuevos conceptos como la aplicación de filtros a texto, nuevas herramientas y opciones 3D o la explicación detallada de las animaciones con huesos." />
		<element type="link_teaser" link="http://www.nuestroscursos.com/es/products-41.htm" previewimage="img/DW.png" header="Adobe Dreamweaver CS4" text="Estos tutoriales en vídeo son ideales tanto para principiantes que se acercan por primera vez al programa, como para usuarios experimentados, ya que presentan de manera progresiva todos los pasos para llevar a cabo proyectos interactivos y animaciones. Se incluyen además las novedades de la versión CS4. Nuevos conceptos como la aplicación de filtros a texto, nuevas herramientas y opciones 3D o la explicación detallada de las animaciones con huesos." />
		<element type="link_teaser" link="http://www.nuestroscursos.com/es/products-43.htm" previewimage="img/indesign_basico.png" header="Adobe InDesign CS4 Básico" text="Este completísimo curso online explica en profundidad todo el potencial de la herramienta de maquetación que no puede faltar en ningún estudio profesional y contiene información relevante tanto para personas que se acercan por primera vez a esta aplicación como para profesionales que ya la usan actualmente." />
		<element type="link_teaser" link="http://www.nuestroscursos.com/es/products-19.htm" previewimage="img/lr.png" header="Adobe Photoshop Lightroom 2" text="Adobe Photoshop Lightroom 2 es una herramienta rápida, precisa y eficaz para el trabajo tanto para profesionales como para aficionados con imágenes digitales. Su potente sistema de organización de datos permite la importación y clasificación de las fotografías y sus nuevas opciones de retoque y mejora de imágenes hacen de Adobe Photoshop Lightroom 2 un potente programa para todos aquellos que quieren obtener lo mejor de sus instantáneas." />
		<element type="link_teaser" link="http://www.nuestroscursos.com/es/products-61.htm" previewimage="img/lr_social.png" header="Fotografía social con Adobe Lightroom" text="Adobe Photoshop Lightroom 2 es una herramienta rápida, precisa y eficaz para el trabajo tanto para profesionales como para aficionados con imágenes digitales. En este curso veremos tanto las distintas opciones de organización de nuestros trabajos como las herramientas necesarias para la edición rápida de nuestras imágenes." />		
		<element type="link_teaser" link="http://www.nuestroscursos.com/es/products-36.htm" previewimage="img/ai_bs.png" header="Adobe Illustrator CS4" text="Trabajo con vectores y mucho más, con la herramienta líder del mercado de la ilustración: conocimiento de la interface del programa, las herramientas de trabajo, sus posibilidades en cuanto a dibujo vectorial e ilustración, color, pintura, selección de objetos y modificación de los mismos, importar y exportar archivos, trabajar con texto, efectos especiales e impresión..." />
		<element type="link_teaser" link="http://www.nuestroscursos.com/es/products-12.htm" previewimage="img/AS.png" header="Actionscript 3 Total" text="ActionScript 3 es el camino ideal para crear aplicaciones web basadas en el potencial gráfico de Flash, ya que desde su inicio estuvo orientado en este sentido. Este curso resultará de utilidad tanto a los usuarios más noveles, como a los de nivel medio que quieran sacar todo el partido de este lenguaje, ya que comienza con ejemplos sencillos usando las estructuras más básicas del lenguaje para ir entrando en el núcleo del lenguaje, trabajando con clases personalizadas, eventos y toda la gama de elementos multimedia propios de Flash." />
		
	</area>
</content>

